Name,UniProt ID,Drug IDs
"Nitric oxide synthase, inducible",P35228,DB00244
Voltage-dependent T-type calcium channel subunit alpha-1I,Q9P0X4,DB00381
Adenosine receptor A1,P30542,DB00193
Tyrosine-protein kinase ABL1,P00519,DB00619
D(1A) dopamine receptor,P21728,DB00246
Vascular endothelial growth factor receptor 3,P35916,DB00398
Amiloride-sensitive sodium channel subunit beta,P51168,DB00384
Tubulin beta-1 chain,Q9H4B7,DB00309
Vascular endothelial growth factor receptor 1,P17948,DB00398
Dehydrogenase/reductase SDR family member 4,Q9BTZ2,DB00162
RAF proto-oncogene serine/threonine-protein kinase,P04049,DB00398
Endothelin receptor type B,P24530,DB00559
Muscarinic acetylcholine receptor M3,P20309,DB00185
Solute carrier family 12 member 5,Q9H2X9,DB00761
Prolyl 4-hydroxylase subunit alpha-1,P13674,DB00126
Cannabinoid receptor 1,P21554,DB00470
Type-1 angiotensin II receptor,P30556,DB00177
Prostaglandin E2 receptor EP1 subtype,P34995,DB00297
Nitric oxide synthase 1,P29475,DB00843
"Acetyl-CoA acetyltransferase, mitochondrial",P24752,DB00795
Nuclear receptor subfamily 0 group B member 1,P51843,DB01234
SEC14-like protein 4,Q9UDX3,DB00163
Hypoxanthine-guanine phosphoribosyltransferase,P00492,DB01033
5-hydroxytryptamine receptor 4,Q13639,DB00320
"Procollagen-lysine,2-oxoglutarate 5-dioxygenase 1",Q02809,DB00126
Voltage-gated inwardly rectifying potassium channel KCNH2,Q12809,DB00176
"DNA topoisomerase I, mitochondrial",Q969P6,DB00762
Muscarinic acetylcholine receptor M1,P11229,DB00185
Cannabinoid receptor 2,P34972,DB00470
S-adenosylmethionine decarboxylase proenzyme,P17707,DB00118
Sterol O-acyltransferase 1,P35610,DB00973
P2Y purinoceptor 12,Q9H244,DB00208
DNA polymerase beta,P06746,DB00987
Prostacyclin synthase,Q16647,DB00812
Synaptic vesicular amine transporter,Q05940,DB00182
Phospholipid-transporting ATPase ABCA1,O95477,DB01016
Dihydropteroate synthase type-1,Q49184,DB00891
Estrogen receptor,P03372,DB00255
30S ribosomal protein S9,P0A7X3,DB00560
Androgen receptor,P10275,DB00255
Dopamine beta-hydroxylase,P09172,DB00126
Solute carrier family 12 member 6,Q9UHW9,DB00761
Sodium channel protein type 1 subunit alpha,P35498,DB00252
Penicillin-binding protein 2B,P0A3M5,DB01150
Tubulin beta chain,P07437,DB00361
D(1B) dopamine receptor,P21918,DB00246
Histamine H4 receptor,Q9H3N8,DB00321
Receptor-type tyrosine-protein kinase FLT3,P36888,DB00398
Potassium channel subfamily K member 1,O00180,DB00308
Sigma non-opioid intracellular receptor 1,Q99720,DB00321
Vasopressin V1a receptor,P37288,DB00035
DNA ligase 3,P49916,DB00290
Solute carrier family 23 member 1,Q9UHI7,DB00126
Beta-1 adrenergic receptor,P08588,DB00187
Sodium channel protein type 10 subunit alpha,Q9Y5Y9,DB00281
"cGMP-specific 3',5'-cyclic phosphodiesterase",O76074,DB00203
DNA-directed RNA polymerase subunit beta',P9WGY7,DB01201
Amiloride-sensitive sodium channel subunit alpha,P37088,DB00384
Sodium channel protein type 11 subunit alpha,Q9UI33,DB00281
DNA ligase 1,P18858,DB00290
ATP-binding cassette sub-family C member 8,Q09428,DB00222
Potassium channel subfamily K member 2,O95069,DB00204
Gamma-aminobutyric acid type B receptor subunit 1,Q9UBS5,DB00181
Calcium-transporting ATPase type 2C member 1,P98194,DB00228
Angiotensin-converting enzyme,P12821,DB00178
"Tryptophan--tRNA ligase, cytoplasmic",P23381,DB00150
Sodium/potassium-transporting ATPase subunit gamma,P54710,DB00606
Microsomal triglyceride transfer protein large subunit,P55157,DB08827
Lanosterol 14-alpha demethylase,P10613,DB00196
Lipoprotein lipase,P06858,DB00636
"Adrenodoxin, mitochondrial",P10109,DB00648
Apoptosis regulator Bcl-2,P10415,DB01050
Muscarinic acetylcholine receptor M5,P08912,DB00209
Sodium- and chloride-dependent GABA transporter 1,P30531,DB00906
Purine nucleoside phosphorylase,P00491,DB00242
SEC14-like protein 2,O76054,DB00163
DNA-directed RNA polymerase subunit beta,P0A8V2,DB00615
Carbonic anhydrase 1,P00915,DB00273
Renin,P00797,DB00350
Folate receptor beta,P14207,DB00158
Solute carrier family 12 member 7,Q9Y666,DB00761
Solute carrier family 12 member 2,P55011,DB00214
RNA-directed RNA polymerase catalytic subunit,P16502,DB00811
Alpha-2A adrenergic receptor,P08913,DB00246
5-hydroxytryptamine receptor 1A,P08908,DB00216
Vasopressin V2 receptor,P30518,DB00035
Prostaglandin D2 receptor,Q13258,DB00374
Retinol-binding protein 1,P09455,DB00459
Beta-lactamase,P00807,DB00766
Voltage-dependent L-type calcium channel subunit beta-1,Q02641,DB00308
S-adenosylmethionine synthase isoform type-2,P31153,DB00118
5-hydroxytryptamine receptor 3A,P46098,DB00333
Protein P,P24024,DB00300
Retinol-binding protein 4,P02753,DB00755
Thyroid hormone receptor beta,P10828,DB00279
Carbonic anhydrase 2,P00918,DB00273
Ribonucleoside-diphosphate reductase large subunit,P23921,DB00242
Melatonin receptor type 1B,P49286,DB00980
Enoyl-[acyl-carrier-protein] reductase [NADH],P9WGR1,DB00339
Transthyretin,P02766,DB01593
SEC14-like protein 3,Q9UDX4,DB00163
Alpha-2C adrenergic receptor,P18825,DB00246
Potassium-transporting ATPase alpha chain 1,P20648,DB00213
Diamine oxidase [copper-containing],P19801,DB00594
Acid-sensing ion channel 1,P78348,DB00594
Adenosine receptor A3,P0DMS8,DB00201
Voltage-dependent P/Q-type calcium channel subunit alpha-1A,O00555,DB00661
ALK tyrosine kinase receptor,Q9UM73,DB08865
DNA gyrase subunit A,P43700,DB00218
Prostaglandin E2 receptor EP2 subtype,P43116,DB00374
Vascular endothelial growth factor receptor 2,P35968,DB00398
Glycine N-methyltransferase,Q14749,DB00118
Guided entry of tail-anchored proteins factor CAMLG,P49069,DB00091
Gamma-aminobutyric acid receptor subunit alpha-2,P47869,DB00241
"Dihydroorotate dehydrogenase (quinone), mitochondrial",Q02127,DB01097
Substance-P receptor,P25103,DB00193
D(4) dopamine receptor,P21917,DB00246
5-hydroxytryptamine receptor 2B,P41595,DB00247
Muscarinic acetylcholine receptor M4,P08173,DB00246
S-adenosylmethionine synthase isoform type-1,Q00266,DB00118
Intermediate conductance calcium-activated potassium channel protein 4,O15554,DB00257
Solute carrier family 12 member 3,P55017,DB00436
Delta-type opioid receptor,P41143,DB00193
RAC-alpha serine/threonine-protein kinase,P31749,DB01169
DNA topoisomerase 4 subunit A,P43702,DB00218
Voltage-dependent L-type calcium channel subunit alpha-1C,Q13936,DB00270
Tyrosine-protein kinase ABL2,P42684,DB01254
Histamine H1 receptor,P35367,DB00215
"25-hydroxyvitamin D-1 alpha hydroxylase, mitochondrial",O15528,DB01436
Caspase-1,P29466,DB00945
5-hydroxytryptamine receptor 2A,P28223,DB00246
Somatostatin receptor type 1,P30872,DB06663
Mast/stem cell growth factor receptor Kit,P10721,DB00398
5-hydroxytryptamine receptor 1F,P30939,DB00216
DNA-directed RNA polymerase subunit alpha,P0A7Z4,DB00615
Voltage-gated inwardly rectifying potassium channel KCNH6,Q9H252,DB00308
ATP-binding cassette sub-family C member 9,O60706,DB00222
Gamma-aminobutyric acid receptor subunit alpha-5,P31644,DB00241
Prostacyclin receptor,P43119,DB00374
5-hydroxytryptamine receptor 1E,P28566,DB00246
Gamma-aminobutyric acid receptor subunit alpha-4,P48169,DB00241
Voltage-dependent T-type calcium channel subunit alpha-1G,O43497,DB00347
"ATP synthase subunit delta, mitochondrial",P30049,DB00753
Sodium-dependent noradrenaline transporter,P23975,DB00182
Penicillin-binding protein 1B,P02919,DB00274
Amiloride-sensitive sodium channel subunit delta,P51172,DB00384
Amiloride-sensitive sodium channel subunit gamma,P51170,DB00384
Alpha-1A adrenergic receptor,P35348,DB00211
Solute carrier family 12 member 1,Q13621,DB00214
Cellular retinoic acid-binding protein 1,P29762,DB00755
Serotransferrin,P02787,DB00515
Thymidine kinase,P06478,DB00299
Melatonin receptor type 1A,P48039,DB00980
Endothelin-1 receptor,P25101,DB00559
Gamma-aminobutyric acid receptor subunit alpha-3,P34903,DB00241
Nicotinate-nucleotide pyrophosphorylase [carboxylating],Q15274,DB00627
Albumin,P02768,DB00276
5-hydroxytryptamine receptor 2C,P28335,DB00193
3-oxo-5-alpha-steroid 4-dehydrogenase 1,P18405,DB00367
DNA polymerase alpha catalytic subunit,P09884,DB00242
Fumarate reductase flavoprotein subunit,P00363,DB00730
Calcium-activated potassium channel subunit alpha-1,Q12791,DB00356
Protein P,Q05486,DB00709
Atrial natriuretic peptide receptor 1,P16066,DB00325
Progesterone receptor,P06401,DB00294
Muscarinic acetylcholine receptor M2,P08172,DB00202
Bifunctional dihydrofolate reductase-thymidylate synthase,P13922,DB00205
Alpha-2B adrenergic receptor,P18089,DB00246
"Short/branched chain specific acyl-CoA dehydrogenase, mitochondrial",P45954,DB00313
Alpha-1B adrenergic receptor,P35368,DB00211
D(3) dopamine receptor,P35462,DB00246
Penicillin-binding protein 1A,P02918,DB00274
Retinol dehydrogenase 13,Q8NBN7,DB00162
ADP/ATP translocase 1,P12235,DB00720
Solute carrier family 12 member 4,Q9UP95,DB00761
"Dihydroorotate dehydrogenase (quinone), mitochondrial",Q08210,DB01097
Immunoglobulin kappa variable 3-20,P01619,DB01593
Potassium-transporting ATPase subunit beta,P51164,DB00213
ADP/ATP translocase 3,P12236,DB00720
"cAMP and cAMP-inhibited cGMP 3',5'-cyclic phosphodiesterase 10A",Q9Y233,DB00975
Kappa-type opioid receptor,P41145,DB00193
DNA polymerase catalytic subunit,P09252,DB00787
Serine/threonine-protein kinase B-raf,P15056,DB00398
Hydroxycarboxylic acid receptor 2,Q8TDS4,DB00257
UMP-CMP kinase,P30085,DB00441
72 kDa type IV collagenase,P08253,DB01197
Sodium-dependent dopamine transporter,Q01959,DB00182
5-hydroxytryptamine receptor 7,P34969,DB00246
Folate receptor gamma,P41439,DB00158
Retinoic acid receptor responder protein 1,P49788,DB00755
Cytosolic phospholipase A2,P47712,DB00588
5-hydroxytryptamine receptor 1D,P28221,DB00216
HIV-1 protease,O90777,DB00220
Neuron-specific vesicular protein calcyon,Q9NYX4,DB00363
Mineralocorticoid receptor,P08235,DB00393
Potassium voltage-gated channel subfamily KQT member 1,P51787,DB00808
Acid-sensing ion channel 2,Q16515,DB00594
Voltage-dependent calcium channel gamma-1 subunit,Q06432,DB00308
Potassium channel subfamily K member 6,Q9Y257,DB00308
RNA-directed RNA polymerase L,P26676,DB00811
Pancreatic triacylglycerol lipase,P16233,DB00788
Thyroid hormone receptor alpha,P10827,DB00279
Lanosterol 14-alpha demethylase,P50859,DB01026
Voltage-dependent calcium channel subunit alpha-2/delta-1,P54289,DB00230
"Indoleamine 2,3-dioxygenase 1",P14902,DB00150
Beta-2 adrenergic receptor,P07550,DB00195
Peptidyl-prolyl cis-trans isomerase FKBP1A,P62942,DB00337
Retinoic acid-induced protein 3,Q8NFJ5,DB00755
Voltage-gated inwardly rectifying potassium channel KCNH7,Q9NS40,DB00308
Bile salt export pump,O95342,DB01016
Cysteinyl leukotriene receptor 1,Q9Y271,DB00471
Retinoic acid receptor RXR-gamma,P48443,DB00162
ATP-sensitive inward rectifier potassium channel 11,Q14654,DB00222
ADP/ATP translocase 2,P05141,DB00720
Alpha-1D adrenergic receptor,P25100,DB00211
DNA polymerase alpha subunit B,Q14181,DB00851
Retinol dehydrogenase 12,Q96NR8,DB00162
"Cytochrome P450 11B1, mitochondrial",P15538,DB00648
Sodium/potassium-transporting ATPase subunit alpha-1,P05023,DB00390
Translocator protein,P30536,DB00186
Ryanodine receptor 1,P21817,DB00201
DNA topoisomerase 2-alpha,P11388,DB00218
50S ribosomal protein L10,P0A7J6,DB00778
Sodium-dependent serotonin transporter,P31645,DB00176
Sodium/hydrogen exchanger 1,P19634,DB00594
D(2) dopamine receptor,P14416,DB00182
Gamma-aminobutyric acid receptor subunit alpha-6,Q16445,DB00241
"N(G),N(G)-dimethylarginine dimethylaminohydrolase 1",O94760,DB00213
Mu-type opioid receptor,P35372,DB00193
Vasopressin V1b receptor,P47901,DB00035
Vitamin D3 receptor,P11473,DB00136
Potassium voltage-gated channel subfamily A member 1,Q09470,DB00321
Nicotinamide N-methyltransferase,P40261,DB00627
Multidrug resistance-associated protein 1,P33527,DB01138
Penicillin-binding protein 3,P42971,DB00355
Estrogen receptor beta,Q92731,DB00255
Glucocorticoid receptor,P04150,DB00180
Gamma-aminobutyric acid receptor subunit alpha-1,P14867,DB00189
5-hydroxytryptamine receptor 1B,P28222,DB00216
NPC1-like intracellular cholesterol transporter 1,Q9UHC9,DB00973
Hydroxycarboxylic acid receptor 3,P49019,DB00627
Maltase-glucoamylase,O43451,DB00284
Proto-oncogene tyrosine-protein kinase Src,P12931,DB01254
Tyrosine-protein kinase Fyn,P06241,DB01254
Tyrosine-protein kinase Yes,P07947,DB01254
Ephrin type-A receptor 2,P29317,DB01254
Tyrosine-protein kinase Lck,P06239,DB01254
Oxytocin receptor,P30559,DB00035
Macrophage colony-stimulating factor 1 receptor,P07333,DB00619
Dipeptidyl peptidase 4,P27487,DB01076
Receptor activity-modifying protein 1,O60894,DB01278
Receptor activity-modifying protein 2,O60895,DB01278
Receptor activity-modifying protein 3,O60896,DB01278
Voltage-dependent T-type calcium channel subunit alpha-1H,O95180,DB00270
Platelet glycoprotein IX,P14770,DB00468
Cocaine- and amphetamine-regulated transcript protein,Q16568,DB00182
Protein-tyrosine kinase 2-beta,Q14289,DB01097
Protein kinase C beta type,P05771,DB00163
Lysosomal alpha-glucosidase,P10253,DB00284
Solute carrier family 22 member 11,Q9NSA0,DB00493
Aquaporin-1,P29972,DB00819
Histone deacetylase 9,Q9UKV0,DB00313
Trifunctional purine biosynthetic protein adenosine-3,P22102,DB00642
Signal transducer and activator of transcription 5B,P51692,DB01254
Urokinase-type plasminogen activator,P00749,DB00594
"Alkaline phosphatase, germ cell type",P10696,DB00848
Potassium voltage-gated channel subfamily KQT member 2,O43526,DB00321
Lecithin retinol acyltransferase,O95237,DB00162
Eosinophil cationic protein,P12724,DB04272
C-C chemokine receptor type 5,P51681,DB04835
Hepatocyte growth factor receptor,P08581,DB01268
C-X-C chemokine receptor type 4,P61073,DB00181
Apolipoprotein A-II,P02652,DB01593
Mitogen-activated protein kinase 1,P28482,DB01169
Adenosine receptor A2a,P29274,DB00201
Alpha-1-acid glycoprotein 1,P02763,DB00276
Complement decay-accelerating factor,P08174,DB00446
Serum paraoxonase/arylesterase 1,P27169,DB00218
Interferon gamma,P01579,DB01296
5-hydroxytryptamine receptor 6,P50406,DB00246
Neuropeptide S receptor,Q6W5P4,DB01159
Sulfotransferase 1E1,P49888,DB01176
Alpha-1-antitrypsin,P01009,DB01593
Pro-epidermal growth factor,P01133,DB00364
Nuclear receptor subfamily 1 group I member 2,O75469,DB00163
Fatty acid synthase,P49327,DB01083
Dihydropyrimidine dehydrogenase [NADP(+)],Q12882,DB00544
Interleukin-8,P10145,DB01050
DNA topoisomerase 1,P11387,DB00762
Sphingomyelin phosphodiesterase,P17405,DB00381
Natriuretic peptides B,P16860,DB01136
Tyrosine-protein phosphatase non-receptor type 4,P29074,DB00630
Interleukin-12 subunit beta,P29460,DB01064
Angiotensin-converting enzyme 2,Q9BYF1,DB00608
Catenin beta-1,P35222,DB03904
Thiopurine S-methyltransferase,P51580,DB01250
Synaptic vesicle glycoprotein 2A,Q7L0J3,DB01202
Atrial natriuretic peptide receptor 2,P20594,DB01613
Amine oxidase [copper-containing] 3,Q16853,DB00575
E3 ubiquitin-protein ligase Mdm2,Q00987,DB01593
Solute carrier organic anion transporter family member 1B1,Q9Y6L6,DB01211
Cytochrome c,P99999,DB01017
Beta-3 adrenergic receptor,P13945,DB00320
Peptidyl-prolyl cis-trans isomerase A,P62937,DB00091
Fibroblast growth factor 2,P09038,DB00364
Kininogen-1,P01042,DB01593
Solute carrier family 15 member 1,P46059,DB00415
Mitogen-activated protein kinase 14,Q16539,DB01254
"Troponin C, slow skeletal and cardiac muscles",P63316,DB00831
Platelet glycoprotein Ib alpha chain,P07359,DB01050
G1/S-specific cyclin-D1,P24385,DB00945
G protein-activated inward rectifier potassium channel 1,P48549,DB00289
Interleukin-2,P60568,DB00852
G protein-activated inward rectifier potassium channel 2,P48051,DB00898
ATP-dependent translocase ABCB1,P08183,DB00603
High affinity nerve growth factor receptor,P04629,DB00321
Solute carrier organic anion transporter family member 2B1,O94956,DB01241
Trace amine-associated receptor 1,Q96RJ0,DB00182
"Solute carrier family 2, facilitated glucose transporter member 2",P11168,DB00428
Elastin,P15502,DB00533
C-C motif chemokine 2,P13500,DB01406
Proton-coupled folate transporter,Q96NT5,DB00158
Interleukin-1 beta,P01584,DB00843
Angiotensinogen,P01019,DB01593
Mitogen-activated protein kinase 3,P27361,DB00605
Solute carrier family 22 member 6,Q4U2R8,DB00493
Broad substrate specificity ATP-binding cassette transporter ABCG2,Q9UNQ0,DB00795
ATP-binding cassette sub-family C member 2,Q92887,DB01138
E-selectin,P16581,DB01136
Aminopeptidase N,P15144,DB00973
Guanine nucleotide-binding protein G(I)/G(S)/G(O) subunit gamma-2,P59768,DB01159
Nuclear factor NF-kappa-B p105 subunit,P19838,DB00795
Kallikrein-1,P06870,DB01370
Protein-arginine deiminase type-4,Q9UM07,DB00207
Gap junction alpha-1 protein,P17302,DB01136
5'-nucleotidase,P21589,DB00201
Microtubule-associated protein 2,P11137,DB01196
Major prion protein,P04156,DB00759
Ras-related C3 botulinum toxin substrate 1,P63000,DB00993
Vascular cell adhesion protein 1,P19320,DB00898
Apolipoprotein E,P02649,DB01593
Heat shock protein HSP 90-alpha,P07900,DB00615
Hepatocyte growth factor,P14210,DB00313
Epithelial discoidin domain-containing receptor 1,Q08345,DB00619
Protein c-Fos,P01100,DB08804
ATP-sensitive inward rectifier potassium channel 12,Q14500,DB00204
Protein kinase C alpha type,P17252,DB00163
"3',5'-cyclic-AMP phosphodiesterase 4A",P27815,DB00277
Solute carrier family 15 member 2,Q16348,DB00415
Ceruloplasmin,P00450,DB01592
Sodium channel protein type 9 subunit alpha,Q15858,DB00281
Dipeptidase 1,P16444,DB01597
Beta-hexosaminidase subunit beta,P07686,DB00205
Inhibitor of nuclear factor kappa-B kinase subunit beta,O14920,DB00244
Endoplasmin,P14625,DB00615
Microtubule-associated protein 1A,P78559,DB01196
Toll-like receptor 9,Q9NR96,DB00608
"Sucrase-isomaltase, intestinal",P14410,DB00284
Fibronectin,P02751,DB01593
Quinone oxidoreductase,Q08257,DB00266
3-phosphoinositide-dependent protein kinase 1,O15530,DB00482
Cystic fibrosis transmembrane conductance regulator,P13569,DB00887
Rhodopsin,P08100,DB01159
Equilibrative nucleoside transporter 1,Q99808,DB00197
Serum amyloid P-component,P02743,DB01593
Xylose isomerase,P24300,DB00126
Bifunctional purine biosynthesis protein ATIC,P31939,DB00563
Camphor 5-monooxygenase,P00183,DB01011
Endolysin,P00720,DB00373
"Thymidine kinase, cytosolic",P04183,DB00299
Genome polyprotein,P12823,DB00811
Tyrosine-protein kinase BTK,Q06187,DB01254
Penicillin acylase,P12256,DB00417
Tyrosine-protein kinase ITK/TSK,Q08881,DB06589
Tryptophan--tRNA ligase,P00953,DB00150
D-alanyl-D-alanine carboxypeptidase,P15555,DB00456
Tyrosine-protein kinase CSK,P41240,DB01254
Beta-lactamase,P00811,DB00456
Hyaluronate lyase,Q54873,DB00126
Tubulin alpha-4A chain,P68366,DB00541
"Peptidyl-prolyl cis-trans isomerase F, mitochondrial",P30405,DB00091
Tubulin beta-3 chain,Q13509,DB04845
Tyrosine-protein kinase HCK,P08631,DB06616
Beta-lactamase 2,P04190,DB04272
Beta-lactamase,P05193,DB00355
Beta-lactamase,P00808,DB04272
Isocitrate dehydrogenase [NADP],P39126,DB04272
Complement C1s subcomponent,P09871,DB01593
Chloramphenicol acetyltransferase 3,P00484,DB02703
Dr hemagglutinin structural subunit,P24093,DB00446
Beta-lactamase TEM,P62594,DB01606
Gag-Pol polyprotein,P04585,DB06414
NH(3)-dependent NAD(+) synthetase,P08164,DB00798
Histone deacetylase 8,Q9BY41,DB01592
"Phospholipase A2, membrane associated",P14555,DB00328
Carbonic anhydrase 12,O43570,DB00562
Leukotriene A-4 hydrolase,P09960,DB01197
Fructose-bisphosphate aldolase A,P04075,DB01593
Plasmepsin-2,P46925,DB01218
Complement factor B,P00751,DB01593
Poly [ADP-ribose] polymerase 1,P09874,DB00242
Serine protease 1,P07477,DB00188
Elongation factor G,P13551,DB02703
Chloramphenicol acetyltransferase,P62580,DB02703
Penicillin-binding protein 2X,P59676,DB01147
Fumarate hydratase class II,P05042,DB04272
Dihydrofolate reductase,P9WNX1,DB00951
6-phosphogluconolactonase,Q9X0N8,DB04272
"Thioredoxin reductase 1, cytoplasmic",Q16881,DB01169
Sulfoxide reductase catalytic subunit YedY,Q8XB74,DB03904
Dihydrofolate reductase,P0ABQ4,DB00440
Beta-lactamase SHV-1,P0AD63,DB01606
Gag-Pol polyprotein,P03366,DB00224
D-alanyl-D-alanine carboxypeptidase DacA,P0AEB2,DB00274
Sodium channel protein type 2 subunit alpha,Q99250,DB00193
Sodium channel protein type 3 subunit alpha,Q9NY46,DB00252
Sodium channel protein type 4 subunit alpha,P35499,DB00281
Sodium channel protein type 8 subunit alpha,Q9UQD0,DB00252
Dihydropteroate synthase,P0C0X1,DB00250
Inactive dihydropteroate synthase 2,P0C0X2,DB00250
Estrogen-related receptor gamma,P62508,DB00197
Catechol O-methyltransferase,P21964,DB00118
Fibroblast growth factor receptor 3,P22607,DB06589
Calcineurin subunit B type 2,Q96LZ3,DB00091
Somatostatin receptor type 5,P35346,DB06663
"Procollagen-lysine,2-oxoglutarate 5-dioxygenase 2",O00469,DB00126
Fatty-acid amide hydrolase 1,O00519,DB00599
Multifunctional procollagen lysine hydroxylase and glycosyltransferase LH3,O60568,DB00126
Amine oxidase [flavin-containing] B,P27338,DB00182
Gamma-butyrobetaine dioxygenase,O75936,DB00126
Amine oxidase [flavin-containing] A,P21397,DB00191
Peptidyl-glycine alpha-amidating monooxygenase,P19021,DB00126
Prolyl 3-hydroxylase 1,Q32P28,DB00126
2-oxoglutarate and iron-dependent oxygenase domain-containing protein 2,Q6N063,DB00126
Xanthine dehydrogenase/oxidase,P47989,DB00437
DNA oxidative demethylase ALKBH2,Q6NS38,DB00126
Prolyl 3-hydroxylase 2,Q8IVL5,DB00126
Prolyl 3-hydroxylase 3,Q8IVL6,DB00126
Prolyl 3-hydroxylase OGFOD1,Q8N543,DB00126
Prolyl hydroxylase EGLN2,Q96KS0,DB00126
Alpha-ketoglutarate-dependent dioxygenase alkB homolog 3,Q96Q83,DB00126
Adenosine deaminase,P00813,DB00242
Lysine-specific demethylase 5D,Q9BY66,DB00126
Egl nine homolog 1,Q9GZT9,DB00126
G protein-activated inward rectifier potassium channel 4,P48544,DB00898
Prolyl hydroxylase EGLN3,Q9H6Z9,DB00126
"Trimethyllysine dioxygenase, mitochondrial",Q9NVH6,DB00126
Transmembrane prolyl 4-hydroxylase,Q9NXG6,DB00126
Voltage-dependent N-type calcium channel subunit alpha-1B,Q00975,DB00381
"Tryptophan--tRNA ligase, mitochondrial",Q9UGM6,DB00150
Short-chain dehydrogenase/reductase 3,O75911,DB00162
"All-trans-retinol 13,14-reductase",Q6NUM9,DB00162
Retinol dehydrogenase 11,Q8TC12,DB00162
Retinol dehydrogenase 14,Q9HBH5,DB00162
Retinol dehydrogenase 8,Q9NYR8,DB00162
Diacylglycerol kinase alpha,P23743,DB00163
Serine/threonine-protein phosphatase 2A catalytic subunit beta isoform,P62714,DB00163
Serine/threonine-protein phosphatase 2A catalytic subunit alpha isoform,P67775,DB00163
Gamma-aminobutyric acid type B receptor subunit 2,O75899,DB00181
Gamma-aminobutyric acid receptor subunit beta-1,P18505,DB00363
Gamma-aminobutyric acid receptor subunit beta-2,P47870,DB00189
Proteasome subunit beta type-1,P20618,DB00188
Proteasome subunit beta type-5,P28074,DB00188
"3',5'-cyclic-AMP phosphodiesterase 4C",Q08493,DB00651
Voltage-dependent L-type calcium channel subunit beta-2,Q08289,DB00270
Voltage-dependent L-type calcium channel subunit alpha-1S,Q13698,DB00270
Voltage-dependent L-type calcium channel subunit beta-4,O00305,DB00393
Voltage-dependent L-type calcium channel subunit alpha-1F,O60840,DB00393
Voltage-dependent L-type calcium channel subunit beta-3,P54284,DB00393
Voltage-dependent L-type calcium channel subunit alpha-1D,Q01668,DB00270
Dihydropteroate synthetase,Q27738,DB00359
Cytochrome P450 2D6,P10635,DB01437
Histone deacetylase 1,Q13547,DB01169
Histone deacetylase 2,Q92769,DB00175
Histone deacetylase 3,O15379,DB02546
Histone deacetylase 6,Q9UBN7,DB02546
Hypoxia-inducible factor 1-alpha,Q16665,DB01136
Nociceptin receptor,P41146,DB00921
"Phosphatidylinositol 4,5-bisphosphate 3-kinase catalytic subunit alpha isoform",P42336,DB00201
DNA-dependent protein kinase catalytic subunit,P78527,DB00201
Serine/threonine-protein kinase mTOR,P42345,DB00337
Nuclear factor NF-kappa-B p100 subunit,Q00653,DB00795
DNA gyrase subunit B,P0A0K8,DB00218
Superoxide dismutase [Cu-Zn],P00441,DB00988
Penicillin-binding protein 2x,P14677,DB01150
Voltage-dependent calcium channel subunit alpha-2/delta-2,Q9NY47,DB00270
Potassium voltage-gated channel subfamily KQT member 3,O43525,DB00321
Potassium voltage-gated channel subfamily KQT member 4,P56696,DB04953
Potassium voltage-gated channel subfamily KQT member 5,Q9NR82,DB00996
"Phosphatidylinositol 4,5-bisphosphate 3-kinase catalytic subunit delta isoform",O00329,DB00201
"Phosphatidylinositol 4,5-bisphosphate 3-kinase catalytic subunit beta isoform",P42338,DB00201
Tyrosine-protein kinase JAK2,O60674,DB08877
Proto-oncogene tyrosine-protein kinase receptor Ret,P07949,DB00398
DNA topoisomerase 2-beta,Q02880,DB00276
Sphingosine 1-phosphate receptor 5,Q9H228,DB08868
Cytochrome P450 1A2,P05177,DB00951
Carbonic anhydrase 9,Q16790,DB00562
Plasma kallikrein,P03952,DB01593
Toll-like receptor 4,O00206,DB00924
Telomerase reverse transcriptase,O14746,DB00495
Ribonucleoside-diphosphate reductase subunit M2,P31350,DB00242
Ephrin type-B receptor 4,P54760,DB01254
Plasma protease C1 inhibitor,P05155,DB00203
"Keratin, type II cytoskeletal 7",P08729,DB01087
50S ribosomal protein L22,P61177,DB01369
Protein disulfide-isomerase,P07237,DB01593
Carcinoembryonic antigen,Q14081,DB00755
Prostaglandin E synthase 3,Q15185,DB00316
Glucose-1-phosphate thymidylyltransferase,Q9HU22,DB04272
tRNA (cytosine(38)-C(5))-methyltransferase,O14717,DB00738
GMP synthase [glutamine-hydrolyzing],P04079,DB04272
Glutamine synthetase,P9WN39,DB04272
Glutamine synthetase,P9WN38,DB04272
Nicotinate-nucleotide adenylyltransferase,P0A753,DB04272
Pancreatic alpha-amylase,P04746,DB00284
Glyoxalase family protein,Q81F54,DB04272
Glutathione S-transferase,Q8ILQ7,DB00608
Citrate synthase,Q9LCX9,DB04272
2-methylcitrate synthase,O34002,DB04272
Liver carboxylesterase 1,P23141,DB00382
Laccase domain protein YfiH,P33644,DB04272
Acetoin utilization protein,O67135,DB02546
Deoxycytidine kinase,P27707,DB01073
Copper transport protein ATOX1,O00244,DB00515
Cytochrome P450 2C8,P10632,DB00951
Cytochrome c peroxidase,P83787,DB04272
Intron-associated endonuclease 1,P13299,DB04272
Arginase,P53608,DB00536
Nucleoside diphosphate kinase A,P15531,DB01593
Prostaglandin F synthase,Q9GV41,DB04272
Endonuclease 8-like 1,Q96FI4,DB01592
Beta-lactamase,P52664,DB01598
Invasin,P11922,DB04272
Short tail fiber protein gp12,P10930,DB04272
N5-carboxyaminoimidazole ribonucleotide mutase,Q2QJL3,DB04272
50S ribosomal protein L4,P38516,DB04272
Carboxypeptidase B,P15086,DB04272
Hexon protein,P03277,DB04272
Beta-fructosidase,O33833,DB04272
Putative stringent starvation protein A,A0A5P8YJZ1,DB04272
RNA 3'-terminal phosphate cyclase,P46849,DB04272
Pleckstrin homology domain-containing family A member 1,Q9HB21,DB04272
Fe(3+)-binding periplasmic protein,P21408,DB04272
Signal recognition particle receptor FtsY,Q9WZ40,DB04272
N utilization substance protein B homolog,Q9X286,DB04272
Complement component C8 gamma chain,P07360,DB01593
Ribonucleoside-diphosphate reductase subunit beta,Q9CBQ2,DB04272
Ribose-5-phosphate isomerase A,P44725,DB04272
Lysozyme,Q37875,DB04272
Glycerol uptake operon antiterminator regulatory protein,Q9X1F0,DB04272
"3-carboxy-cis,cis-muconate cycloisomerase",P32427,DB04272
Pyruvate decarboxylase,P06672,DB04272
"Dual specificity calcium/calmodulin-dependent 3',5'-cyclic nucleotide phosphodiesterase 1B",Q01064,DB00622
Cytochrome P450 2A6,P11509,DB00553
Angiopoietin-1 receptor,Q02763,DB00415
Cellular tumor antigen p53,P04637,DB00945
Mitogen-activated protein kinase 11,Q15759,DB08896
Amyloid-beta precursor protein,P05067,DB00746
Penicillin-binding protein 1A,Q04707,DB01150
Tubulin beta-2A chain,Q13885,DB00570
Cadherin-5,P33151,DB00480
Folate receptor alpha,P15328,DB00158
Baculoviral IAP repeat-containing protein 5,O15392,DB00206
Genome polyprotein,P26664,DB05521
High mobility group protein B1,P09429,DB00608
Programmed cell death 1 ligand 1,Q9NZQ7,DB00203
G-protein coupled estrogen receptor 1,Q99527,DB00783
Apolipoprotein A-I,P02647,DB01593
Signal transducer and activator of transcription 3,P40763,DB00459
NF-kappa-B inhibitor alpha,P25963,DB00945
Microtubule-associated protein tau,P10636,DB00448
Pro-neuropeptide Y,P01303,DB00191
Melanin-concentrating hormone receptor 1,Q99705,DB00502
Interleukin-15,P40933,DB01327
Tyrosine-protein kinase JAK3,P52333,DB08877
Carboxypeptidase N catalytic chain,P15169,DB01593
Carboxypeptidase N subunit 2,P22792,DB01593
Induced myeloid leukemia cell differentiation protein Mcl-1,Q07820,DB00619
B2 bradykinin receptor,P30411,DB06196
Tumor necrosis factor ligand superfamily member 11,O14788,DB00480
Motilin receptor,O43193,DB00199
Histone deacetylase 4,P56524,DB01593
Somatostatin receptor type 2,P30874,DB00104
Somatostatin receptor type 3,P32745,DB06663
Cytochrome P450 2C19,P33261,DB00951
"Cholesterol side-chain cleavage enzyme, mitochondrial",P05108,DB00357
"Alkaline phosphatase, tissue-nonspecific isozyme",P05186,DB00848
C-X-C chemokine receptor type 1,P25024,DB01009
Acetylserotonin O-methyltransferase,P46597,DB01065
Nuclear receptor ROR-beta,Q92753,DB01065
Eosinophil peroxidase,P11678,DB01065
"Retinal rod rhodopsin-sensitive cGMP 3',5'-cyclic phosphodiesterase subunit gamma",P18545,DB00203
"Retinal cone rhodopsin-sensitive cGMP 3',5'-cyclic phosphodiesterase subunit gamma",Q13956,DB00203
"Dual 3',5'-cyclic-AMP and -GMP phosphodiesterase 11A",Q9HCR9,DB00820
Prostaglandin reductase 2,Q8N8N7,DB00328
Prostaglandin D2 receptor 2,Q9Y5Y4,DB00328
Voltage-dependent calcium channel subunit alpha-2/delta-3,Q8IZS8,DB00381
"Dual specificity calcium/calmodulin-dependent 3',5'-cyclic nucleotide phosphodiesterase 1A",P54750,DB00622
"Troponin C, skeletal muscle",P02585,DB01023
Receptor-type tyrosine-protein phosphatase S,Q13332,DB00630
Receptor-type tyrosine-protein phosphatase epsilon,P23469,DB00630
V-type proton ATPase catalytic subunit A,P38606,DB00630
Penicillin binding protein 2a,C1KC03,DB00274
Nischarin,Q9Y2I1,DB00697
"Fatty acid-binding protein, intestinal",P12104,DB01050
Gamma-aminobutyric acid receptor subunit gamma-2,P18507,DB00395
Gamma-aminobutyric acid receptor subunit gamma-1,Q8N1C3,DB00363
Gamma-aminobutyric acid receptor subunit epsilon,P78334,DB00898
Gamma-aminobutyric acid receptor subunit pi,O00591,DB00898
Gamma-aminobutyric acid receptor subunit theta,Q9UN88,DB00898
Gamma-aminobutyric acid receptor subunit delta,O14764,DB00898
A-type voltage-gated potassium channel KCND2,Q9NZV8,DB00280
A-type voltage-gated potassium channel KCND3,Q9UK17,DB00280
BDNF/NT-3 growth factors receptor,Q16620,DB00321
Ribonucleoside-diphosphate reductase subunit M2 B,Q7LG56,DB00242
DNA polymerase epsilon catalytic subunit A,Q07864,DB00242
DNA polymerase epsilon subunit 2,P56282,DB00242
DNA polymerase epsilon subunit 4,Q9NR33,DB00242
DNA polymerase epsilon subunit 3,Q9NRF9,DB00242
MecA PBP2' (penicillin binding protein 2'),Q53707,DB00417
Gastric triacylglycerol lipase,P07098,DB01083
Penicillin-binding protein 2B,P0A3M6,DB00319
Carbonic anhydrase 3,P07451,DB00273
"Carbonic anhydrase 5A, mitochondrial",P35218,DB00909
"Carbonic anhydrase 5B, mitochondrial",Q9Y2D0,DB00909
Carbonic anhydrase 6,P23280,DB00909
Carbonic anhydrase 7,P43166,DB00703
Carbonic anhydrase-related protein,P35219,DB00909
Carbonic anhydrase-related protein 10,Q9NS85,DB00909
Carbonic anhydrase-related protein 11,O75493,DB00909
Carbonic anhydrase 13,Q8N1Q1,DB00909
Carbonic anhydrase 14,Q9ULX7,DB00819
Sodium channel regulatory subunit beta-1,Q07699,DB00252
Sodium channel regulatory subunit beta-2,O60939,DB00909
Sodium channel regulatory subunit beta-3,Q9NY72,DB00909
Sodium channel regulatory subunit beta-4,Q8IWT1,DB00909
Solute carrier family 22 member 7,Q9Y694,DB00493
Solute carrier organic anion transporter family member 4C1,Q6ZQN7,DB00390
Multidrug and toxin extrusion protein 1,Q96FL8,DB00331
Solute carrier organic anion transporter family member 1B3,Q9NPD5,DB01211
Alpha-1-acid glycoprotein 2,P19652,DB00280
D-alanyl-D-alanine carboxypeptidase DacC,P08506,DB00274
Penicillin-binding protein 2,Q70KI2,DB00923
DNA-directed RNA polymerase subunit beta',P0A8T7,DB00615
30S ribosomal protein S14,P0AG59,DB00560
30S ribosomal protein S13,P0A7S9,DB00560
30S ribosomal protein S19,P0A7U3,DB00560
Tubulin delta chain,Q9UJT1,DB00570
Tubulin epsilon chain,Q9UJT0,DB00570
Tubulin gamma-1 chain,P23258,DB00570
Pannexin-1,Q96RD7,DB01032
Aryl hydrocarbon receptor,P35869,DB00338
Steroid hormone receptor ERR1,P11474,DB00197
Penicillin-binding protein 1C,P76577,DB01053
DNA gyrase subunit A,P72524,DB01044
DNA gyrase subunit B,P0A4L9,DB01044
DNA topoisomerase 4 subunit A,P72525,DB01044
DNA topoisomerase 4 subunit B,Q59961,DB01044
Tryptase alpha/beta-1,Q15661,DB00738
Nuclear receptor coactivator 2,Q15596,DB00255
Protein S100-A7,P31151,DB01050
Group IIE secretory phospholipase A2,Q9NZK7,DB00233
Heat shock cognate 71 kDa protein,P11142,DB01254
Mitogen-activated protein kinase 8,P45983,DB00675
"V-type proton ATPase subunit B, brain isoform",P21281,DB05260
Large ribosomal subunit protein uL3,P39023,DB04865
Triosephosphate isomerase,P60174,DB01593
Nuclear receptor subfamily 1 group I member 3,Q14994,DB00366
"Electron transfer flavoprotein-ubiquinone oxidoreductase, mitochondrial",Q16134,DB00331
Sarcoplasmic/endoplasmic reticulum calcium ATPase 1,O14983,DB00228
Stathmin-4,Q9H169,DB01206
Lymphocyte antigen 96,Q9Y6Y9,DB00295
Peptostreptococcal albumin-binding protein,Q51911,DB00788
STE20-like serine/threonine-protein kinase,Q9H2G2,DB06616
Reverse transcriptase/RNaseH,Q72547,DB00238
Tyrosine-protein kinase JAK1,P23458,DB08877
Non-receptor tyrosine-protein kinase TYK2,P29597,DB08877
Gelsolin,P06396,DB01593
Protein phosphatase 3 catalytic subunit alpha,Q08209,DB00091
O-GlcNAcase BT_4395,Q89ZI2,DB00428
"[Pyruvate dehydrogenase (acetyl-transferring)] kinase isozyme 4, mitochondrial",Q16654,DB00755
Penicillin-binding protein 1A,Q8DR59,DB00415
Tyrosine-protein kinase Lyn,P07948,DB01254
Penicillin-binding protein 1b,Q7CRA4,DB00319
Protein S100-A4,P26447,DB00831
Aldo-keto reductase family 1 member B10,O60218,DB00605
Calcium/calmodulin-dependent protein kinase type II subunit gamma,Q13555,DB06616
Cytochrome b,Q02768,DB01117
D-alanyl-D-alanine endopeptidase,P0AFI5,DB01331
U6 snRNA-associated Sm-like protein LSm6,P62312,DB04272
Oxygen-insensitive NADPH nitroreductase,O25608,DB00916
Inosine triphosphate pyrophosphatase,Q9BY32,DB04272
"Citrate synthase, mitochondrial",O75390,DB04272
6-pyruvoyl tetrahydrobiopterin synthase,Q03393,DB00688
Disks large homolog 4,P78352,DB00536
Elongation factor 1-alpha 1,P68104,DB01593
"Elongation factor Tu, mitochondrial",P49411,DB01593
Carboxy-terminal domain RNA polymerase II polypeptide A small phosphatase 1,Q9GZU7,DB04272
Cyclin-dependent kinases regulatory subunit 1,P61024,DB00472
Phosphoserine phosphatase,P78330,DB01593
N-acetylmuramoyl-L-alanine amidase,Q96PD5,DB01593
Hepatocyte growth factor-regulated tyrosine kinase substrate,O14964,DB04272
Penicillin-binding protein 3,Q75Y35,DB00319
Penicillin-binding protein 2a,Q8DNB6,DB00319
Cell division protein,Q51504,DB01413
Penicillin-binding protein 2,Q9X6V3,DB01413
50S ribosomal protein L16,P0ADY7,DB00446
30S ribosomal protein S3,P0A7V3,DB00759
30S ribosomal protein S8,P0A7W7,DB00759
30S ribosomal protein S7,P02359,DB00759
Penicillin-binding protein 3,A0A0H2XJ39,DB01053
Inhibitor of nuclear factor kappa-B kinase subunit alpha,O15111,DB00233
"Keratin, type I cytoskeletal 12",Q99456,DB00400
Acetylcholine receptor subunit alpha,P02708,DB00555
Coagulation factor XII,P00748,DB01593
Chromaffin granule amine transporter,P54219,DB00206
5-hydroxytryptamine receptor 5A,P47898,DB00246
Myc proto-oncogene protein,P01106,DB00945
Neutral alpha-glucosidase AB,Q14697,DB00491
Neutral alpha-glucosidase C,Q8TET4,DB00491
Genome polyprotein,B0B3C9,DB05521
Equilibrative nucleoside transporter 2,Q14542,DB00898
Reduced folate transporter,P41440,DB00158
SH2B adapter protein 3,Q9UQQ2,DB06589
Potassium voltage-gated channel subfamily A member 5,P22460,DB04855
Sphingosine kinase 1,Q9NYA1,DB08868
Protein-tyrosine kinase 6,Q13882,DB05294
RNA polymerase sigma factor SigA,Q18BX5,DB08874
Discoidin domain-containing receptor 2,Q16832,DB00619
Tyrosine-protein kinase FRK,P42685,DB01254
Breakpoint cluster region protein,P11274,DB00619
Dual specificity mitogen-activated protein kinase kinase 2,P36507,DB06616
Mitogen-activated protein kinase kinase kinase 2,Q9Y2U5,DB06616
ATP synthase subunit c,P9WPS1,DB08903
50S ribosomal protein L2,P20276,DB04865
Protein cereblon,Q96SW2,DB00480
Serine/threonine-protein kinase SIK1,P57059,DB08912
Serine/threonine-protein kinase Nek11,Q8NG66,DB08912
LIM domain kinase 1,P53667,DB08912
Equilibrative nucleoside transporter 4,Q7RTT9,DB01104
Metallothionein-2,P02795,DB01593
Solute carrier family 22 member 12,Q96S37,DB01138
Gamma-aminobutyric acid receptor subunit alpha-1,P14867,DB00186
Gamma-aminobutyric acid receptor subunit alpha-2,P47869,DB00186
Gamma-aminobutyric acid receptor subunit alpha-3,P34903,DB00186
Gamma-aminobutyric acid receptor subunit alpha-4,P48169,DB00186
Gamma-aminobutyric acid receptor subunit alpha-5,P31644,DB00186
Gamma-aminobutyric acid receptor subunit alpha-6,Q16445,DB00186
Gamma-aminobutyric acid receptor subunit beta-1,P18505,DB00186
Gamma-aminobutyric acid receptor subunit beta-2,P47870,DB00186
Gamma-aminobutyric acid receptor subunit beta-3,P28472,DB00186
Gamma-aminobutyric acid receptor subunit delta,O14764,DB00186
Gamma-aminobutyric acid receptor subunit epsilon,P78334,DB00186
Gamma-aminobutyric acid receptor subunit gamma-1,Q8N1C3,DB00186
Gamma-aminobutyric acid receptor subunit gamma-2,P18507,DB00186
Gamma-aminobutyric acid receptor subunit gamma-3,Q99928,DB00186
Gamma-aminobutyric acid receptor subunit pi,O00591,DB00186
Gamma-aminobutyric acid receptor subunit theta,Q9UN88,DB00186
D-alanyl-D-alanine carboxypeptidase DacA,P0AEB2,DB00578
D-alanyl-D-alanine carboxypeptidase DacB,P24228,DB00578
D-alanyl-D-alanine carboxypeptidase DacC,P08506,DB00578
Penicillin-binding protein 1A,P02918,DB00578
Penicillin-binding protein 1B,P02919,DB00578
Penicillin-binding protein 2,P0AD65,DB00578
Peptidoglycan synthase FtsI,P0AD68,DB00578
"Glutamate receptor ionotropic, NMDA 1",Q05586,DB00228
"Glutamate receptor ionotropic, NMDA 2A",Q12879,DB00228
"Glutamate receptor ionotropic, NMDA 2B",Q13224,DB00228
"Glutamate receptor ionotropic, NMDA 2C",Q14957,DB00228
"Glutamate receptor ionotropic, NMDA 2D",O15399,DB00228
"Glutamate receptor ionotropic, NMDA 3A",Q8TCU5,DB00228
"Glutamate receptor ionotropic, NMDA 3B",O60391,DB00228
Pol polyprotein,Q72874,DB00224
Integrase,Q7ZJM1,DB06817
5-hydroxytryptamine receptor 1A,P08908,DB00715
5-hydroxytryptamine receptor 1B,P28222,DB00715
5-hydroxytryptamine receptor 1D,P28221,DB00715
5-hydroxytryptamine receptor 1E,P28566,DB00715
5-hydroxytryptamine receptor 1F,P30939,DB00715
5-hydroxytryptamine receptor 2A,P28223,DB00715
5-hydroxytryptamine receptor 2B,P41595,DB00715
5-hydroxytryptamine receptor 2C,P28335,DB00715
5-hydroxytryptamine receptor 3A,P46098,DB00715
5-hydroxytryptamine receptor 3B,O95264,DB00715
5-hydroxytryptamine receptor 3C,Q8WXA8,DB00715
5-hydroxytryptamine receptor 3D,Q70Z44,DB00715
5-hydroxytryptamine receptor 3E,A5X5Y0,DB00715
5-hydroxytryptamine receptor 4,Q13639,DB00715
5-hydroxytryptamine receptor 6,P50406,DB00715
5-hydroxytryptamine receptor 7,P34969,DB00715
Alpha-1A adrenergic receptor,P35348,DB00243
Alpha-1B adrenergic receptor,P35368,DB00243
Alpha-1D adrenergic receptor,P25100,DB00243
Alpha-2A adrenergic receptor,P08913,DB00193
Alpha-2B adrenergic receptor,P18089,DB00193
Alpha-2C adrenergic receptor,P18825,DB00193
Beta-1 adrenergic receptor,P08588,DB00182
Beta-2 adrenergic receptor,P07550,DB00182
Beta-3 adrenergic receptor,P13945,DB00182
Steroid 21-hydroxylase,P08686,DB01026
Serine-protein kinase ATM,Q13315,DB00201
Ribosomal protein S6 kinase alpha-3,P51812,DB00945
"3-beta-hydroxysteroid-Delta(8),Delta(7)-isomerase",Q15125,DB00675
"Nuclear factor of activated T-cells, cytoplasmic 1",O95644,DB00852
Alpha-1-acid glycoprotein 1,P02763,DB00477
Alpha-1-acid glycoprotein 2,P19652,DB00477
5-hydroxytryptamine receptor 2A,P28223,DB00477
5-hydroxytryptamine receptor 2B,P41595,DB00477
5-hydroxytryptamine receptor 2C,P28335,DB00477
5-hydroxytryptamine receptor 2C,P08909,DB00321
Alpha-1A adrenergic receptor,P35348,DB00182
Alpha-1B adrenergic receptor,P35368,DB00182
Alpha-1D adrenergic receptor,P25100,DB00182
Alpha-2A adrenergic receptor,P08913,DB00182
Alpha-2B adrenergic receptor,P18089,DB00182
Alpha-2C adrenergic receptor,P18825,DB00182
D(1A) dopamine receptor,P21728,DB00248
D(1B) dopamine receptor,P21918,DB00248
Muscarinic acetylcholine receptor M1,P11229,DB00321
Muscarinic acetylcholine receptor M2,P08172,DB00321
Muscarinic acetylcholine receptor M3,P20309,DB00321
Muscarinic acetylcholine receptor M4,P08173,DB00321
Muscarinic acetylcholine receptor M5,P08912,DB00321
Protein kinase C alpha type,P17252,DB00675
Protein kinase C beta type,P05771,DB00675
Protein kinase C delta type,Q05655,DB00675
Protein kinase C epsilon type,Q02156,DB00675
Protein kinase C gamma type,P05129,DB00675
Protein kinase C iota type,P41743,DB00675
Protein kinase C theta type,Q04759,DB00675
Protein kinase C zeta type,Q05513,DB00675
Membrane-associated progesterone receptor component 1,O00264,DB00514
Membrane-associated progesterone receptor component 1,O00264,DB00540
Sigma non-opioid intracellular receptor 1,Q99720,DB00540
Sodium channel protein type 1 subunit alpha,P35498,DB00243
Sodium channel protein type 10 subunit alpha,Q9Y5Y9,DB00243
Sodium channel protein type 11 subunit alpha,Q9UI33,DB00243
Sodium channel protein type 2 subunit alpha,Q99250,DB00243
Sodium channel protein type 3 subunit alpha,Q9NY46,DB00243
Sodium channel protein type 4 subunit alpha,P35499,DB00243
Sodium channel protein type 5 subunit alpha,Q14524,DB00243
Sodium channel protein type 7 subunit alpha,Q01118,DB00243
Sodium channel protein type 8 subunit alpha,Q9UQD0,DB00243
Sodium channel protein type 9 subunit alpha,Q15858,DB00243
Sodium channel regulatory subunit beta-1,Q07699,DB00243
Sodium channel regulatory subunit beta-2,O60939,DB00243
Sodium channel regulatory subunit beta-3,Q9NY72,DB00243
Sodium channel regulatory subunit beta-4,Q8IWT1,DB00243
Voltage-dependent calcium channel gamma-1 subunit,Q06432,DB00153
Voltage-dependent calcium channel gamma-2 subunit,Q9Y698,DB00153
Voltage-dependent calcium channel gamma-3 subunit,O60359,DB00153
Voltage-dependent calcium channel gamma-4 subunit,Q9UBN1,DB00153
Voltage-dependent calcium channel gamma-5 subunit,Q9UF02,DB00153
Voltage-dependent calcium channel gamma-6 subunit,Q9BXT2,DB00153
Voltage-dependent calcium channel gamma-7 subunit,P62955,DB00153
Voltage-dependent calcium channel gamma-8 subunit,Q8WXS5,DB00153
Voltage-dependent calcium channel subunit alpha-2/delta-1,P54289,DB00153
Voltage-dependent calcium channel subunit alpha-2/delta-2,Q9NY47,DB00153
Voltage-dependent calcium channel subunit alpha-2/delta-3,Q8IZS8,DB00153
Voltage-dependent calcium channel subunit alpha-2/delta-4,Q7Z3S7,DB00153
Voltage-dependent L-type calcium channel subunit alpha-1C,Q13936,DB00153
Voltage-dependent L-type calcium channel subunit alpha-1D,Q01668,DB00153
Voltage-dependent L-type calcium channel subunit alpha-1F,O60840,DB00153
Voltage-dependent L-type calcium channel subunit alpha-1S,Q13698,DB00153
Voltage-dependent L-type calcium channel subunit beta-1,Q02641,DB00153
Voltage-dependent L-type calcium channel subunit beta-2,Q08289,DB00153
Voltage-dependent L-type calcium channel subunit beta-3,P54284,DB00153
Voltage-dependent L-type calcium channel subunit beta-4,O00305,DB00153
Voltage-dependent N-type calcium channel subunit alpha-1B,Q00975,DB00153
Voltage-dependent P/Q-type calcium channel subunit alpha-1A,O00555,DB00153
Voltage-dependent R-type calcium channel subunit alpha-1E,Q15878,DB00153
Voltage-dependent T-type calcium channel subunit alpha-1G,O43497,DB00153
Voltage-dependent T-type calcium channel subunit alpha-1H,O95180,DB00153
Voltage-dependent T-type calcium channel subunit alpha-1I,Q9P0X4,DB00153
Nuclear factor NF-kappa-B p100 subunit,Q00653,DB00843
Nuclear factor NF-kappa-B p105 subunit,P19838,DB00843
Cytochrome b-245 heavy chain,P04839,DB00514
Cytochrome b-245 light chain,P13498,DB00514
Neutrophil cytosol factor 1,P14598,DB00514
Neutrophil cytosol factor 2,P19878,DB00514
Neutrophil cytosol factor 4,Q15080,DB00514
Ras-related C3 botulinum toxin substrate 1,P63000,DB00514
Ras-related C3 botulinum toxin substrate 2,P15153,DB00514
Amine oxidase [flavin-containing] A,P21397,DB00182
Amine oxidase [flavin-containing] B,P27338,DB00182
"Inositol 1,4,5-trisphosphate-gated calcium channel ITPR1",Q14643,DB00201
"Inositol 1,4,5-trisphosphate-gated calcium channel ITPR2",Q14571,DB00201
"Inositol 1,4,5-trisphosphate-gated calcium channel ITPR3",Q14573,DB00201
"3',5'-cyclic-AMP phosphodiesterase 4A",P27815,DB00201
"3',5'-cyclic-AMP phosphodiesterase 4B",Q07343,DB00201
"3',5'-cyclic-AMP phosphodiesterase 4C",Q08493,DB00201
"3',5'-cyclic-AMP phosphodiesterase 4D",Q08499,DB00201
"3',5'-cyclic-AMP phosphodiesterase 7B",Q9NP56,DB00201
"cAMP and cAMP-inhibited cGMP 3',5'-cyclic phosphodiesterase 10A",Q9Y233,DB00201
"cGMP-dependent 3',5'-cyclic phosphodiesterase",O00408,DB00201
"cGMP-inhibited 3',5'-cyclic phosphodiesterase 3A",Q14432,DB00201
"cGMP-inhibited 3',5'-cyclic phosphodiesterase 3B",Q13370,DB00201
"cGMP-specific 3',5'-cyclic phosphodiesterase",O76074,DB00201
"Cone cGMP-specific 3',5'-cyclic phosphodiesterase subunit alpha'",P51160,DB00201
"Dual 3',5'-cyclic-AMP and -GMP phosphodiesterase 11A",Q9HCR9,DB00201
"Dual specificity calcium/calmodulin-dependent 3',5'-cyclic nucleotide phosphodiesterase 1A",P54750,DB00201
"Dual specificity calcium/calmodulin-dependent 3',5'-cyclic nucleotide phosphodiesterase 1B",Q01064,DB00201
"Dual specificity calcium/calmodulin-dependent 3',5'-cyclic nucleotide phosphodiesterase 1C",Q14123,DB00201
"High affinity 3',5'-cyclic-AMP phosphodiesterase 7A",Q13946,DB00201
"High affinity cAMP-specific and IBMX-insensitive 3',5'-cyclic phosphodiesterase 8A",O60658,DB00201
"High affinity cAMP-specific and IBMX-insensitive 3',5'-cyclic phosphodiesterase 8B",O95263,DB00201
"High affinity cGMP-specific 3',5'-cyclic phosphodiesterase 9A",O76083,DB00201
"Rod cGMP-specific 3',5'-cyclic phosphodiesterase subunit alpha",P16499,DB00201
"Rod cGMP-specific 3',5'-cyclic phosphodiesterase subunit beta",P35913,DB00201
ATP-sensitive inward rectifier potassium channel 11,Q14654,DB01016
ATP-sensitive inward rectifier potassium channel 8,Q15842,DB01016
Cyclic AMP-dependent transcription factor ATF-1,P18846,DB00852
Cyclic AMP-dependent transcription factor ATF-2,P15336,DB00852
Cyclic AMP-dependent transcription factor ATF-3,P18847,DB00852
Cyclic AMP-dependent transcription factor ATF-4,P18848,DB00852
Cyclic AMP-dependent transcription factor ATF-5,Q9Y2D1,DB00852
Cyclic AMP-dependent transcription factor ATF-6 alpha,P18850,DB00852
Cyclic AMP-dependent transcription factor ATF-7,P17544,DB00852
Jun dimerization protein 2,Q8WYK2,DB00852
Protein c-Fos,P01100,DB00852
Transcription factor Jun,P05412,DB00852
Acetylcholine receptor subunit alpha-type unc-38,Q23022,DB00848
Acetylcholine receptor subunit alpha-type unc-63,Q9N587,DB00848
Acetylcholine receptor subunit beta-type lev-1,Q27218,DB00848
Acetylcholine receptor subunit beta-type unc-29,P48181,DB00848
Inosine-5'-monophosphate dehydrogenase 1,P20839,DB01033
Inosine-5'-monophosphate dehydrogenase 2,P12268,DB01033
DNA topoisomerase 1,Q06AK7,DB00487
DNA topoisomerase 2-alpha,P11388,DB00970
DNA topoisomerase 2-beta,Q02880,DB00970
Tumor necrosis factor-inducible gene 6 protein,P98066,DB00843
"Glutamate receptor ionotropic, NMDA 1",Q05586,DB00193
"Glutamate receptor ionotropic, NMDA 2A",Q12879,DB00193
"Glutamate receptor ionotropic, NMDA 2B",Q13224,DB00193
"Glutamate receptor ionotropic, NMDA 2C",Q14957,DB00193
"Glutamate receptor ionotropic, NMDA 2D",O15399,DB00193
"Glutamate receptor ionotropic, NMDA 3A",Q8TCU5,DB00193
"Glutamate receptor ionotropic, NMDA 3B",O60391,DB00193
5-hydroxytryptamine receptor 2A,P28223,DB01221
5-hydroxytryptamine receptor 2B,P41595,DB01221
5-hydroxytryptamine receptor 2C,P28335,DB01221
5-hydroxytryptamine receptor 1A,P08908,DB00334
5-hydroxytryptamine receptor 1B,P28222,DB00334
5-hydroxytryptamine receptor 1D,P28221,DB00334
5-hydroxytryptamine receptor 1E,P28566,DB00334
5-hydroxytryptamine receptor 1F,P30939,DB00334
Sodium/potassium-transporting ATPase subunit beta-1,P05026,DB00390
Arsenite methyltransferase,Q9HBK9,DB00118
Sodium/potassium-transporting ATPase subunit beta-2,P14415,DB00390
Sodium/potassium-transporting ATPase subunit beta-3,P54709,DB00390
Sodium/potassium-transporting ATPase subunit alpha-2,P50993,DB00390
Sodium/potassium-transporting ATPase subunit alpha-3,P13637,DB00390
Apolipoprotein D,P05090,DB00162
Immunoglobulin heavy constant alpha 1,P01876,DB01593
Immunoglobulin heavy constant mu,P01871,DB01593
Voltage-dependent calcium channel gamma-2 subunit,Q9Y698,DB00898
Inward rectifier potassium channel 4,P48050,DB01136
G protein-activated inward rectifier potassium channel 3,Q92806,DB00898
Voltage-gated delayed rectifier potassium channel KCNH1,O95259,DB00458
Ryanodine receptor 2,Q92736,DB01195
Selenoprotein P,P49908,DB01593
DAN domain family member 5,Q8N907,DB01593
Tyrosine-protein kinase Fgr,P09769,DB01254
Transcription factor p65,Q04206,DB00795
Platelet-activating factor receptor,P25105,DB00208
G-protein coupled receptor 35,Q9HC97,DB00695
5HT3 serotonin receptor,Q9UE69,DB00370
Ephrin type-A receptor 5,P54756,DB01254
Mitogen-activated protein kinase kinase kinase 20,Q9NYL2,DB01254
Metallothionein-3,P25713,DB01593
Dihydropyrimidinase-related protein 2,Q16555,DB06218
Alpha-enolase,P06733,DB01593
Protein PML,P29590,DB01169
Programmed cell death protein 6,O75340,DB01593
Copper chaperone for superoxide dismutase,O14618,DB01593
Endonuclease 8-like 2,Q969S2,DB01592
Nucleolar and coiled-body phosphoprotein 1,Q14978,DB00997
Protein O-GlcNAcase,O60502,DB00428
Lipocalin-1,P31025,DB00755
Odorant-binding protein 2a,Q9NY56,DB00755
B1 bradykinin receptor,P46663,DB00178
Semenogelin-1,P04279,DB01593
Apoptosis regulatory protein Siva,O15304,DB01593
Utrophin,P46939,DB01593
Peroxiredoxin-1,Q06830,DB01593
Apolipoprotein B receptor,Q0VD83,DB01593
DNA gyrase subunit A,P0AES4,DB00537
DNA topoisomerase 4 subunit A,P0C1U9,DB00537
Gyrase A,B4YQT9,DB00537
DNA gyrase subunit A,P20831,DB00218
DNA topoisomerase 4 subunit B,Q59192,DB00537
DNA gyrase subunit A,P05653,DB00537
Beta-lactamase,B2ZTR6,DB00493
Penicillin-binding protein 2,D6R448,DB00713
Multidrug translocase MdfA,C9EH48,DB00759
Multidrug resistance protein MdtK,C3T8E2,DB00537
Penicillin-binding protein 4,P72355,DB01598
Sphingosine 1-phosphate receptor 1,P21453,DB08868
Corticotropin-releasing factor receptor 1,P34998,DB06402
Histone deacetylase 1,Q13547,DB00313
Histone deacetylase 11,Q96DB2,DB00313
Histone deacetylase 2,Q92769,DB00313
Histone deacetylase 3,O15379,DB00313
Histone deacetylase 4,P56524,DB00313
Histone deacetylase 5,Q9UQL6,DB00313
Histone deacetylase 6,Q9UBN7,DB00313
Histone deacetylase 7,Q8WUI4,DB00313
Histone deacetylase 8,Q9BY41,DB00313
Histone deacetylase 9,Q9UKV0,DB00313
Polyamine deacetylase HDAC10,Q969S8,DB00313
Gamma-aminobutyric acid receptor subunit alpha-1,P14867,DB00186
Gamma-aminobutyric acid receptor subunit alpha-2,P47869,DB00186
Gamma-aminobutyric acid receptor subunit alpha-3,P34903,DB00186
Gamma-aminobutyric acid receptor subunit alpha-5,P31644,DB00186
Gamma-aminobutyric acid receptor subunit gamma-1,Q8N1C3,DB00186
Gamma-aminobutyric acid receptor subunit gamma-2,P18507,DB00186
Gamma-aminobutyric acid receptor subunit gamma-3,Q99928,DB00186
ATP-binding cassette sub-family C member 8,Q09428,DB00839
ATP-sensitive inward rectifier potassium channel 11,Q14654,DB00839
Calmodulin-2,P0DP24,DB00831
Calmodulin-3,P0DP25,DB00831
Voltage-dependent L-type calcium channel subunit alpha-1C,Q13936,DB00252
Voltage-dependent L-type calcium channel subunit alpha-1D,Q01668,DB00252
Voltage-dependent L-type calcium channel subunit alpha-1F,O60840,DB00252
Voltage-dependent L-type calcium channel subunit alpha-1S,Q13698,DB00252
Voltage-dependent L-type calcium channel subunit beta-1,Q02641,DB00252
Voltage-dependent L-type calcium channel subunit beta-2,Q08289,DB00252
Voltage-dependent L-type calcium channel subunit beta-3,P54284,DB00252
Voltage-dependent L-type calcium channel subunit beta-4,O00305,DB00252
Voltage-dependent P/Q-type calcium channel subunit alpha-1A,O00555,DB00252
Voltage-dependent T-type calcium channel subunit alpha-1G,O43497,DB01115
Voltage-dependent T-type calcium channel subunit alpha-1H,O95180,DB01115
Voltage-dependent T-type calcium channel subunit alpha-1I,Q9P0X4,DB01115
Voltage-dependent R-type calcium channel subunit alpha-1E,Q15878,DB00273
Diacylglycerol O-acyltransferase 2,Q96PD7,DB00627
Transferrin receptor protein 1,P02786,DB01592
DNA-3-methyladenine glycosylase,P29372,DB00515
Protein S100-A8,P05109,DB01593
Protein disulfide-isomerase A3,P30101,DB01593
Trefoil factor 1,P04155,DB00481
Serpin B9,P50453,DB00481
Prostate-specific antigen,P07288,DB00834
Homeobox protein Hox-A10,P31260,DB00136
Alpha-hemoglobin-stabilizing protein,Q9NZD4,DB01592
"Frataxin, mitochondrial",Q16595,DB01592
Protein S100-A9,P06702,DB01593
Tumor protein p73,O15350,DB01593
Cap-specific mRNA (nucleoside-2'-O-)-methyltransferase 1,Q8N1G2,DB00118
Nuclear receptor subfamily 4 group A member 3,Q92570,DB01254
Neural cell adhesion molecule L1,P32004,DB00898
Copine-1,Q99829,DB00277
Minor histocompatibility antigen H13,Q8TCT9,DB00277
BOS complex subunit NOMO1,Q15155,DB00277
Protein RIC-3,Q7Z5B4,DB00277
Tubulin monoglycylase TTLL3,Q9Y4R7,DB00277
Calcipressin-1,P53805,DB00975
Lymphoid enhancer-binding factor 1,Q9UJU2,DB00903
Cyclin-dependent kinase inhibitor 1,P38936,DB00313
Flap endonuclease 1,P39748,DB01592
ATP synthase subunit a,P00846,DB00783
Beclin-1,Q14457,DB00783
Taste receptor type 2 member 16,Q9NYV7,DB01032
Proliferating cell nuclear antigen,P12004,DB00279
Alpha-1B-glycoprotein,P04217,DB01593
Alpha-2-HS-glycoprotein,P02765,DB01593
Apolipoprotein A-IV,P06727,DB01593
C4b-binding protein alpha chain,P04003,DB01593
Complement component C8 beta chain,P07358,DB01593
Complement factor H,P08603,DB01593
Complement factor I,P05156,DB01593
Clusterin,P10909,DB01593
Haptoglobin-related protein,P00739,DB01593
Insulin-like growth factor-binding protein complex acid labile subunit,P35858,DB01593
Inter-alpha-trypsin inhibitor heavy chain H2,P19823,DB01593
"Keratin, type II cytoskeletal 1",P04264,DB01593
"Keratin, type I cytoskeletal 10",P13645,DB01593
"Keratin, type II cytoskeletal 2 epidermal",P35908,DB01593
"Keratin, type I cytoskeletal 9",P35527,DB01593
Kallistatin,P29622,DB01593
Apolipoprotein L1,O14791,DB01593
C4b-binding protein beta chain,P20851,DB01593
Lys-63-specific deubiquitinase BRCC36,P46736,DB01593
Complement component C8 alpha chain,P07357,DB01593
Dermcidin,P81605,DB01593
Desmoplakin,P15924,DB01593
Coagulation factor XIII B chain,P05160,DB01593
Ficolin-3,O75636,DB01593
Hornerin,Q86YZ3,DB01593
Immunoglobulin kappa variable 1-17,P01599,DB01593
Immunoglobulin lambda variable 3-21,P80748,DB01593
Inter-alpha-trypsin inhibitor heavy chain H1,P19827,DB01593
Inter-alpha-trypsin inhibitor heavy chain H3,Q06033,DB01593
Inter-alpha-trypsin inhibitor heavy chain H4,Q14624,DB01593
Immunoglobulin J chain,P01591,DB01593
Junction plakoglobin,P14923,DB01593
"Keratin, type I cytoskeletal 14",P02533,DB01593
"Keratin, type I cytoskeletal 16",P08779,DB01593
"Keratin, type II cytoskeletal 5",P13647,DB01593
"Keratin, type II cytoskeletal 6A",P02538,DB01593
Pregnancy zone protein,P20742,DB01593
Alpha-1-antichymotrypsin,P01011,DB01593
Amyloid beta precursor like protein 1,P51693,DB01593
Amyloid beta precursor like protein 2,Q06481,DB01593
Secreted frizzled-related protein 4,Q6FHJ7,DB00606
Penicillin-binding protein 3,A0A0E1R3H3,DB00485
Tyrosine-protein kinase Tec,P42680,DB06616
"Interferon-induced, double-stranded RNA-activated protein kinase",P19525,DB00328
Glycogen synthase kinase-3 alpha,P49840,DB00313
Macrophage-stimulating protein receptor,Q04912,DB08865
Proto-oncogene tyrosine-protein kinase ROS,P08922,DB08865
5-hydroxytryptamine receptor 3B,O95264,DB00898
5-hydroxytryptamine receptor 3C,Q8WXA8,DB00898
5-hydroxytryptamine receptor 3D,Q70Z44,DB00898
5-hydroxytryptamine receptor 3E,A5X5Y0,DB00898
ATP-sensitive inward rectifier potassium channel 10,P78508,DB00672
Voltage-dependent R-type calcium channel subunit alpha-1E,Q15878,DB00555
Voltage-gated inwardly rectifying potassium channel KCNH2,Q12809,DB00321
Voltage-gated inwardly rectifying potassium channel KCNH6,Q9H252,DB00321
Voltage-gated inwardly rectifying potassium channel KCNH7,Q9NS40,DB00321
ATP-sensitive inward rectifier potassium channel 12,Q14500,DB00243
ATP-sensitive inward rectifier potassium channel 14,Q9UNX9,DB00243
Inward rectifier potassium channel 2,P63252,DB00243
Inward rectifier potassium channel 4,P48050,DB00243
Mitogen-activated protein kinase 1,P28482,DB00945
Mitogen-activated protein kinase 15,Q8TD08,DB00945
Mitogen-activated protein kinase 3,P27361,DB00945
Mitogen-activated protein kinase 4,P31152,DB00945
Mitogen-activated protein kinase 6,Q16659,DB00945
Mitogen-activated protein kinase 7,Q13164,DB00945
Fibrinogen alpha chain,P02671,DB00364
Fibrinogen beta chain,P02675,DB00364
Fibrinogen gamma chain,P02679,DB00364
Beta-lactamase Ohio-1,P18251,DB01606
Inward rectifier potassium channel 2,P63252,DB01136
Pepsin A-5,P0DJD9,DB00364
Sodium channel protein type 1 subunit alpha,P35498,DB00273
Sodium channel protein type 10 subunit alpha,Q9Y5Y9,DB00273
Sodium channel protein type 11 subunit alpha,Q9UI33,DB00273
Sodium channel protein type 2 subunit alpha,Q99250,DB00273
Sodium channel protein type 3 subunit alpha,Q9NY46,DB00273
Sodium channel protein type 4 subunit alpha,P35499,DB00273
Sodium channel protein type 5 subunit alpha,Q14524,DB00273
Sodium channel protein type 7 subunit alpha,Q01118,DB00273
Sodium channel protein type 8 subunit alpha,Q9UQD0,DB00273
Sodium channel protein type 9 subunit alpha,Q15858,DB00273
Voltage-dependent L-type calcium channel subunit alpha-1C,Q13936,DB00243
Voltage-dependent L-type calcium channel subunit alpha-1D,Q01668,DB00243
Voltage-dependent L-type calcium channel subunit alpha-1F,O60840,DB00243
Voltage-dependent L-type calcium channel subunit alpha-1S,Q13698,DB00243
Voltage-dependent L-type calcium channel subunit beta-1,Q02641,DB00243
Voltage-dependent L-type calcium channel subunit beta-2,Q08289,DB00243
Voltage-dependent L-type calcium channel subunit beta-3,P54284,DB00243
Voltage-dependent L-type calcium channel subunit beta-4,O00305,DB00243
Matrix metalloproteinase-25,Q9NPA2,DB01039
Probable fatty acid synthase Fas (Fatty acid synthetase),P95029,DB00339
Transient receptor potential cation channel subfamily M member 4,Q8TD43,DB01016
"3',5'-cyclic-AMP phosphodiesterase 4D",Q08499,DB00201
"cGMP-inhibited 3',5'-cyclic phosphodiesterase 3B",Q13370,DB00201
"cGMP-specific 3',5'-cyclic phosphodiesterase",O76074,DB00201
"Dual specificity calcium/calmodulin-dependent 3',5'-cyclic nucleotide phosphodiesterase 1B",Q01064,DB00201
"Glutamate receptor ionotropic, kainate 1",P39086,DB00273
"Glutamate receptor ionotropic, kainate 2",Q13002,DB00273
"Glutamate receptor ionotropic, kainate 3",Q13003,DB00273
"Glutamate receptor ionotropic, kainate 4",Q16099,DB00273
"Glutamate receptor ionotropic, kainate 5",Q16478,DB00273
Thyroid hormone receptor alpha,P10827,DB01118
Thyroid hormone receptor beta,P10828,DB01118
Peroxisome proliferator-activated receptor gamma coactivator 1-beta,Q86YN6,DB01118
Lysophosphatidic acid receptor 4,Q99677,DB01069
Lysophosphatidic acid receptor 6,P43657,DB01069
P2X purinoceptor 1,P51575,DB01069
P2X purinoceptor 2,Q9UBL9,DB01069
P2X purinoceptor 3,P56373,DB01069
P2X purinoceptor 4,Q99571,DB01069
P2X purinoceptor 5,Q93086,DB01069
P2X purinoceptor 6,O15547,DB01069
P2X purinoceptor 7,Q99572,DB01069
P2Y purinoceptor 1,P47900,DB01069
P2Y purinoceptor 11,Q96G91,DB01069
P2Y purinoceptor 12,Q9H244,DB01069
P2Y purinoceptor 13,Q9BPV8,DB01069
P2Y purinoceptor 14,Q15391,DB01069
P2Y purinoceptor 2,P41231,DB01069
P2Y purinoceptor 4,P51582,DB01069
P2Y purinoceptor 8,Q86VZ1,DB01069
Putative P2Y purinoceptor 10,O00398,DB01069
A-type voltage-gated potassium channel KCND1,Q9NSA2,DB00228
A-type voltage-gated potassium channel KCND2,Q9NZV8,DB00228
A-type voltage-gated potassium channel KCND3,Q9UK17,DB00228
Delayed-rectifier potassium channel regulatory subunit KCNS1,Q96KK3,DB00228
Delayed-rectifier potassium channel regulatory subunit KCNS3,Q9BQ31,DB00228
Potassium voltage-gated channel subfamily A member 1,Q09470,DB00228
Potassium voltage-gated channel subfamily A member 10,Q16322,DB00228
Potassium voltage-gated channel subfamily A member 2,P16389,DB00228
Potassium voltage-gated channel subfamily A member 3,P22001,DB00228
Potassium voltage-gated channel subfamily A member 4,P22459,DB00228
Potassium voltage-gated channel subfamily A member 5,P22460,DB00228
Potassium voltage-gated channel subfamily A member 6,P17658,DB00228
Potassium voltage-gated channel subfamily B member 1,Q14721,DB00228
Potassium voltage-gated channel subfamily B member 2,Q92953,DB00228
Potassium voltage-gated channel subfamily E member 1,P15382,DB00228
Potassium voltage-gated channel subfamily E member 2,Q9Y6J6,DB00228
Potassium voltage-gated channel subfamily E member 3,Q9Y6H6,DB00228
Potassium voltage-gated channel subfamily E member 4,Q8WWG9,DB00228
Potassium voltage-gated channel subfamily E regulatory beta subunit 5,Q9UJ90,DB00228
Potassium voltage-gated channel subfamily KQT member 1,P51787,DB00228
Potassium voltage-gated channel subfamily KQT member 2,O43526,DB00228
Potassium voltage-gated channel subfamily KQT member 3,O43525,DB00228
Potassium voltage-gated channel subfamily KQT member 4,P56696,DB00228
Potassium voltage-gated channel subfamily KQT member 5,Q9NR82,DB00228
Potassium voltage-gated channel subfamily V member 1,Q6PIU1,DB00228
Potassium voltage-gated channel subfamily V member 2,Q8TDN2,DB00228
Voltage-gated delayed rectifier potassium channel KCNH1,O95259,DB00228
Voltage-gated delayed rectifier potassium channel KCNH4,Q9UQ05,DB00228
Voltage-gated delayed rectifier potassium channel KCNH5,Q8NCM2,DB00228
Voltage-gated delayed rectifier potassium channel KCNH8,Q96L42,DB00228
Voltage-gated inwardly rectifying potassium channel KCNH2,Q12809,DB00228
Voltage-gated inwardly rectifying potassium channel KCNH3,Q9ULD8,DB00228
Voltage-gated inwardly rectifying potassium channel KCNH6,Q9H252,DB00228
Voltage-gated inwardly rectifying potassium channel KCNH7,Q9NS40,DB00228
Voltage-gated potassium channel KCNC1,P48547,DB00228
Voltage-gated potassium channel KCNC2,Q96PR1,DB00228
Voltage-gated potassium channel KCNC3,Q14003,DB00228
Voltage-gated potassium channel KCNC4,Q03721,DB00228
Voltage-gated potassium channel regulatory subunit KCNF1,Q9H3M0,DB00228
Voltage-gated potassium channel regulatory subunit KCNG1,Q9UIX4,DB00228
Voltage-gated potassium channel regulatory subunit KCNG2,Q9UJ96,DB00228
Voltage-gated potassium channel regulatory subunit KCNG3,Q8TAE7,DB00228
Voltage-gated potassium channel regulatory subunit KCNG4,Q8TDN1,DB00228
Voltage-gated potassium channel subunit beta-1,Q14722,DB00228
Voltage-gated potassium channel subunit beta-2,Q13303,DB00228
50S ribosomal protein L1,Q2G0P0,DB01190
Penicillin binding protein,Q8L103,DB01060
Mitogen-activated protein kinase 1,P28482,DB01017
Mitogen-activated protein kinase 10,P53779,DB01017
Mitogen-activated protein kinase 11,Q15759,DB01017
Mitogen-activated protein kinase 12,P53778,DB01017
Mitogen-activated protein kinase 13,O15264,DB01017
Mitogen-activated protein kinase 14,Q16539,DB01017
Mitogen-activated protein kinase 15,Q8TD08,DB01017
Mitogen-activated protein kinase 3,P27361,DB01017
Mitogen-activated protein kinase 4,P31152,DB01017
Mitogen-activated protein kinase 6,Q16659,DB01017
Mitogen-activated protein kinase 7,Q13164,DB01017
Mitogen-activated protein kinase 8,P45983,DB01017
Mitogen-activated protein kinase 9,P45984,DB01017
Type I iodothyronine deiodinase,P49895,DB00550
5-hydroxytryptamine receptor 3A,P46098,DB00246
5-hydroxytryptamine receptor 3B,O95264,DB00246
5-hydroxytryptamine receptor 3C,Q8WXA8,DB00246
5-hydroxytryptamine receptor 3D,Q70Z44,DB00246
5-hydroxytryptamine receptor 3E,A5X5Y0,DB00246
Solute carrier family 23 member 2,Q9UGH3,DB00126
Prostaglandin-H2 D-isomerase,P41222,DB00162
Sphingosine 1-phosphate receptor 3,Q99500,DB08868
Sphingosine 1-phosphate receptor 4,O95977,DB08868
Neuronal acetylcholine receptor subunit alpha-10,Q9GZZ6,DB00202
Neuronal acetylcholine receptor subunit alpha-2,Q15822,DB00202
Neuronal acetylcholine receptor subunit alpha-3,P32297,DB00202
Neuronal acetylcholine receptor subunit alpha-4,P43681,DB00202
Neuronal acetylcholine receptor subunit alpha-5,P30532,DB00202
Neuronal acetylcholine receptor subunit alpha-6,Q15825,DB00202
Neuronal acetylcholine receptor subunit alpha-7,P36544,DB00202
Neuronal acetylcholine receptor subunit alpha-9,Q9UGM1,DB00202
Neuronal acetylcholine receptor subunit beta-2,P17787,DB00202
Neuronal acetylcholine receptor subunit beta-3,Q05901,DB00202
Neuronal acetylcholine receptor subunit beta-4,P30926,DB00202
Tyrosine-protein phosphatase non-receptor type 12,Q05209,DB01133
Tyrosine-protein phosphatase non-receptor type 6,P29350,DB01133
V-type proton ATPase 116 kDa subunit a 1,Q93050,DB01133
V-type proton ATPase 116 kDa subunit a 2,Q9Y487,DB01133
V-type proton ATPase 116 kDa subunit a 3,Q13488,DB01133
V-type proton ATPase 116 kDa subunit a 4,Q9HBG4,DB01133
V-type proton ATPase 16 kDa proteolipid subunit c,P27449,DB01133
V-type proton ATPase 21 kDa proteolipid subunit c'',Q99437,DB01133
V-type proton ATPase catalytic subunit A,P38606,DB01133
"V-type proton ATPase subunit B, brain isoform",P21281,DB01133
"V-type proton ATPase subunit B, kidney isoform",P15313,DB01133
V-type proton ATPase subunit C 1,P21283,DB01133
V-type proton ATPase subunit C 2,Q8NEY4,DB01133
V-type proton ATPase subunit D,Q9Y5K8,DB01133
V-type proton ATPase subunit d 1,P61421,DB01133
V-type proton ATPase subunit d 2,Q8N8Y2,DB01133
V-type proton ATPase subunit e 1,O15342,DB01133
V-type proton ATPase subunit E 1,P36543,DB01133
V-type proton ATPase subunit E 2,Q96A05,DB01133
V-type proton ATPase subunit e 2,Q8NHE4,DB01133
V-type proton ATPase subunit F,Q16864,DB01133
V-type proton ATPase subunit G 1,O75348,DB01133
V-type proton ATPase subunit G 2,O95670,DB01133
V-type proton ATPase subunit G 3,Q96LB4,DB01133
V-type proton ATPase subunit H,Q9UI12,DB01133
V-type proton ATPase subunit S1,Q15904,DB01133
Carbonic anhydrase 1,P00915,DB00562
Carbonic anhydrase 13,Q8N1Q1,DB00562
Carbonic anhydrase 14,Q9ULX7,DB00562
Carbonic anhydrase 2,P00918,DB00562
Carbonic anhydrase 3,P07451,DB00562
Carbonic anhydrase 4,P22748,DB00562
"Carbonic anhydrase 5A, mitochondrial",P35218,DB00562
"Carbonic anhydrase 5B, mitochondrial",Q9Y2D0,DB00562
Carbonic anhydrase 6,P23280,DB00562
Carbonic anhydrase 7,P43166,DB00562
Carbonic anhydrase 9,Q16790,DB00562
Plasma membrane calcium-transporting ATPase 1,P20020,DB01159
Plasma membrane calcium-transporting ATPase 2,Q01814,DB01159
Plasma membrane calcium-transporting ATPase 3,Q16720,DB01159
Plasma membrane calcium-transporting ATPase 4,P23634,DB01159
Metallo-beta-lactamase type 2,C7C422,DB04272
Dihydrofolate reductase,P00378,DB03904
Muscle nicotinic acetylcholine receptor,A9X444,DB00674
Guanylate cyclase soluble subunit beta-1,Q02153,DB00325
Guanylate cyclase soluble subunit alpha-1,Q02108,DB00325
Prostaglandin G/H synthase 1,P23219,DB00328
Prostaglandin G/H synthase 2,P35354,DB00328
"ATP synthase subunit alpha, mitochondrial",P25705,DB01119
"ATP synthase subunit beta, mitochondrial",P06576,DB01119
"ATP synthase subunit delta, mitochondrial",P30049,DB01119
"ATP synthase subunit epsilon, mitochondrial",P56381,DB01119
"ATP synthase subunit gamma, mitochondrial",P36542,DB01119
"ATP synthase subunit O, mitochondrial",P48047,DB01119
Tubulin beta chain,Q5UBX3,DB00400
DNA primase small subunit,P49642,DB01280
Estrogen receptor,P03372,DB00421
Estrogen receptor beta,Q92731,DB00421
C-X-C chemokine receptor type 2,P25025,DB00257
Proto-oncogene c-Rel,Q04864,DB00795
Cadherin-11,P55287,DB00482
Lanosterol 14-alpha demethylase,P14263,DB01167
DNA-directed RNA polymerase subunit beta,P9WGY9,DB01045
Eukaryotic elongation factor 2 kinase,O00418,DB01259
Calmodulin-1,P0DP23,DB00831
Transcription factor RelB,Q01201,DB00795
Atypical chemokine receptor 1,Q16570,DB00608
Calmodulin-1,P0DP23,DB00477
Calmodulin-2,P0DP24,DB00477
Calmodulin-3,P0DP25,DB00477
